{
    "LOGIN": "Login",
    "USERNAME": "Username",
    "PASSWORD": "Password",
    "SAVE_PASSWORD": "Save password",
    "HOME": "Home",
    "TYPE_CUSTOMER": "Type customer",
    "STATISTICAL_CUSTOMER": "Statistical customer",
    "STATISTICAL_DELIVERY": "Statistical delivery",
    "STATISTICAL_JAR_ERROR": "Statistical jar error",
    "STATISTICAL_REVENUE": "Statistical revenue",
    "AREA": "Area",
    "APPLY": "Apply",
    "TIME": "Time",
    "time_has_existed": "time has existed",
    "TODAY": "Today",
    "THISWEEK": "This week",
    "THISMONTH": "This month",
    "LASTMONTH": "Last month",
    "CUSTOMRANGE": "Custom range",
    "BRANCH_SOUTHERN": "Chi Nhánh Miền Tây",
    "CURRENT_PASSWORD": "Current password",
    "NEW_PASSWORD": "New password",
    "CONFIRM_PASSWORD": "Confirm password",
    "SHIPMENT_CHART": "shipment chart",
    "REQUIRED_FIELDS": "Please fill out all required fields",
    "NEW_PASSWORD_AND_CONFIRMATION_PASSWORD_NOT_MATCH": "New password and confirmation password not match",
    "CONNECTION_ERROR": "Connection error please check the network",
    "CURRENT_PASSWORD_IS_REQUIRED": "Current password is required",
    "NEW_PASSWORD_IS_REQUIRED": "New password is required",
    "CONFIRM_PASSWORD_IS_REQUIRED": "Confirm password is required",
    "FEEDBACK_SENT_SUCCESSFULLY": "Feedback sent successfully",
    "YOUR_FEEDBACK_HAS_BEEN_SENT_SINCERE_THANKS": "Your feedback has been sent. Sincere thanks.",
    "SEND_ALL": "Send all",
    "MESSAGE_CONTENT": "Message content",
    "CONTENT": "Content",
    "PRODUCTION_WAREHOUSE": "Production warehouse",
    "CHOOSE_WAREHOUSE": "Choose warehouse",
    "SEND": "Send",
    "ORDER_MANAGEMENT": "Order Management",
    "ORDER_EMPTY": "Cart is empty",
    "UPDATE_ORDERS": "Update order",
    "ORDER_MANAGEMENT_TANK_TRUCK": "Order Management (Tank Truck)",
    "ORDER_INFORMATION": "Order Information",
    "DELIVERY_INFORMATION": "Delivery information",
    "OWNER": "Owner",
    "SERIAL_NUMBER": "Serial number",
    "SEARCH": "SEARCH",
    "CANCEL_DETAIL": "Cancel Detail",
    "CANCEL_ORDER": "Do you want to cancel this order?",
    "CANCEL_ORDER_SUCCESS": "Cancel order success",
    "DETERMINERS": "Determiners",
    "FULL_NAME": "Full name",
    "ADDRESS": "Address",
    "NUMBERS_OF": "Number of",
    "DELIVERY_DATE": "Delivery date",
    "DELIVERY_ADDRESS": "Delivery address",
    "EXPORT_DATE": "Export date",
    "RETAIL_STORE_INFORMATION": "Retail store information",
    "RETAIL_STORE_NAME": "Retail store name",
    "PHONE": "Phone",
    "PHONE_ERROE": "You have not entered",
    "CONFIRM": "Confirm",
    "SUCCESS": "Success",
    "WAITING": "Waiting",
    "HANDLING_SUCCESS": "Handling success",
    "CUSTOMER": "Customer",
    "SELECT_TYPE_CUSTOMER": "Select type customer",
    "SELECT_AREA": "Select area",
    "CUSTOMER_INFORMATION_IS_INCORRECT_PLEASE_TRY_AGAIN": "Customer information is incorrect. Please try again.",
    "CUSTOMER_INFORMATION": "Customer information",
    "CUSTOMER_NAME": "Customer name",
    "CUSTOMER_NAME_IS_REQUIRED": "Customer name is required",
    "CUSTOMER_ADDRESS": "Customer address",
    "CUSTOMER_ADDRESS_IS_REQUIRED": "Customer address is required",
    "YOU_DID_NOT_ENTER_A_CUSTOMER_ADDRESS": "You did not enter a customer address",
    "IMPORT": "Import",
    "ALL": "All",
    "PARTNER_HIRED_SHELLS": "Partner hired shells",
    "PARTNER_BUY_SHELLS": "Partner buy shells",
    "SUBSIDIARY": "Subsidiary",
    "REPAIR_FACTORY": "Repair factory",
    "LABEL_REPAIR_FACTORY": "Repair factory",
    "START_DATE_CANNOT_BE_GREATER_THAN_END_DATE": "Start date cannot be greater than end date",
    "PLEASE_CHOOSE_A_DELIVERY_DATE_GREATER_THAN_THE_CURRENT_DATE": "Please choose a delivery date greater than the current date",
    "IN_STOCK": "In stock",
    "TOTAL_IN_STOCK": "Total cylinders in stock",
    "SOLD_TO_THE_PEOPLE": "Sold to the people",
    "BEING_ELSEWHERE": "Being elsewhere",
    "EXISTING_SUBSIDIARY": "Existing subsidiary",
    "EXISTING_TRADER": "Existing traders",
    "EXISTING_RETAIL_STORE": "Existing retail store",
    "EXIST_PARTNER": "Exist partner",
    "EXIST_REPAIR_FACTORY": "Exit repair factory",
    "TRADER": "Trader",
    "LABEL_TRADER": "Trader",
    "RETAIL_STORE": "Retail store",
    "PARTNER_BOUGHT_OFF": "Partner bought off",
    "RENTAL_PARTNER": "Rental partner",
    "RETURNED_CYLINDER": "Returned cylinder",
    "RETURNED_SHELL": "Returned shell",
    "Shell_pile": "Shell pile",
    "Shell_pile_Order": "Shell pile order",
    "Borrow_Shell_Order": "Borrow Shell order",
    "Borrow_Shell": "Borrow Shell",
    "Single_": "Single ",
    "TOTAL": "Total",
    "TOTAL2": "Total",
    "PLEASE_CHOOSE_A_DELIVERY_DATE": "Please choose a delivery date",
    "PLEASE_CHOOSE_A_DATE": "Please choose a date",
    "choose_a_bigger_date": "Please choose a bigger date",
    "TOTAL_CYLINDERS": "Total cylinders",
    "TOTAL_WEIGHT": "Total weight (kg)",
    "TOTAL_AGENCY": "Total agency",
    "TOTAL_INITIALIZATION": "Total initialization",
    "TOTAL_EXPORT_TO_AGENCY": "Total export to agency",
    "TOTAL_EXPORT_TO_CUSTOMER": "Total export to customer",
    "TOTAL_EXPORT_TO_GENERAL": "Total export to general",
    "TOTAL_EXPORT_TO_STATION": "Total export to station",
    "TOTAL_GENERAL": "Total general",
    "TOTAL_IMPORT_CYLINDER": "Total import cylinder",
    "TOTAL_CREATED_CYLINDER": "Total created cylinder",
    "TOTAL_STATION": "Total station",
    "TOTAL_IMPORT_FROM_STATION": "Total import from station",
    "TOTAL_IMPORT": "Total import",
    "TOTAL_TURNBACK": "Total turnBack",
    "TOTAL_EXPORTS": "Total exports",
    "TOTAL_SALES": "Total sales",
    "REVENUE_VND": "Revenue (VND)",
    "TOTAL_EXPORT_SALE": "Total export sale",
    "TOTAL_EXPORT_RENT": "Total export rent",
    "TOTAL_IMPORT_SALE": "Total import sale",
    "TOTAL_IMPORT_RENT": "Total import rent",
    "TOTAL_IMPORT_FIXER": "Total import fixer",
    "TOTAL_EXPORT_FIXER": "Total export fixer",
    "START_DATE": "Start date",
    "END_DATE": "End date",
    "STATISTICAL_INFORMATION": "Statistical information",
    "STATISTICAL_INFORMATION_VER2": "Statistical information V2",
    "SELL": "Sell",
    "RENT": "Rent",
    "REPAIR": "Repair",
    "RETRIEVE_AUTOMATICALLY": "Retrieve automatically",
    "CONNECTION_ERROR_PLEASE_CHECK_THE_NETWORK": "Connection error please check the network",
    "USERNAME_IS_REQUIRED": "Username is required",
    "PASSWORD_IS_REQUIRED": "Password is required",
    "TRADEMARK": "Trademark",
    "ORIGIN": "Origin",
    "MAKE_AT": "Make at",
    "SAFETY_WARNING_INFORMATION": "Safety warning information",
    "EXPORT_DATE_BRIEF": "ED",
    "EXPIRY": "Expiry",
    "DATE_OF_MANUFACTURE": "Date of manufacture",
    "NOT_EXPORTED_YET": "Not exported yet",
    "PACKAGE_WEIGHT": "Package weight",
    "INGREDIENT": "Ingredient",
    "STORAGE_INSTRUCTIONS": "Storage instructions",
    "APPLIED_STANDARD": "Applied standard",
    "ORIGINAL_STANDARD": "Original standard",
    "CONTAINS_GAS_UNDER_PRESSURE": "Contains gas under pressure",
    "MAY_EXPLODE_IF_HEATED": "May explode if heated",
    "HIGHLY_FLAMMABLE_GAS": "Highly flammable gas",
    "HARMFUL_WHEN": "Harmful when",
    "IN_CONTACT_WITH_SKIN": "In contact with skin",
    "IF_INHALED": "If inhaled",
    "PRODUCT_INFORMATION": "Product information",
    "GENUINE_PRODUCTS_OF": "Genuine products of",
    "COLOR": "Color",
    "WEIGHT": "Weight",
    "POSITION": "Position",
    "PRICE": "Price",
    "UNIT_PRICE": "Unit price",
    "EMPTY_UNIT_PRICE": "Empty unit price",
    "INTO_MONEY": "Into money",
    "MANUFACTURER_INFORMATION": "Manufacturer information",
    "CONTINUE_IMPORT": "Continue import",
    "FINISH_IMPORT": "Finish import",
    "CONTINUE_EXPORT": "Continue export",
    "FINISH_EXPORT": "Finish export",
    "FEEDBACK": "Feedback",
    "VERY_GOOD_PRODUCT_AFFORDABLE_PRICE": "Very good product, affordable price",
    "SCAN": "Scan",
    "NO_SERIAL_FOUND": "No serial found",
    "PLEASE_TRY_AGAIN": "Please try again",
    "SCAN_QR": "Scan QR",
    "SCAN_SERIAL": "Scan serial",
    "MANUAL_SCANNING": "Manual scanning",
    "PLEASE_ENTER_THE_SERIAL_CODE_TO_LOOK_UP": "Please enter the Serial Code to look up",
    "ENTER_THE_SERIAL_CODE": "Enter the Serial Code",
    "SERIAL_CODE_IS_REQUIRED": "Serial Code is required",
    "RESCAN": "Rescan",
    "CANCEL": "Cancel",
    "PINK": "Pink",
    "RED": "Red",
    "GREEN": "Green",
    "BLUE": "Blue",
    "GREY": "Grey",
    "6_COLORS": "6 colors",
    "FROM": "From",
    "TO": "To",
    "STATUS": "Status",
    "IN_CUSTOMER": "In customer",
    "LPG_BOTTLE_SERIES": "LPG bottle series",
    "SIGN_REQ": "Please signed your signature",
    "SIGN_CHECK": "Please vefiry signed signature",
    "SOLD_AT": "Sold at",
    "DATE": "Date",
    "GAS_CYLINDER_IS_NOT_IN_YOUR_SYSTEM": "Gas cylinder is not in your system",
    "YOU_CANNOT_CONTINUE_EXPORTING": "You cannot continue exporting",
    "YOU_CANNOT_CONTINUE_IMPORTING": "You cannot continue importing",
    "GAS_CYLINDERS_ARE_NOT_SHIPPED_TO_YOU": "Gas cylinders are not shipped to you",
    "THIS_CYLINDER_IS_IN_CUSTOMER": "This cylinder is in people",
    "GAS_CYLINDER_IS_NOT_AT_YOU": "Gas cylinder is not at you",
    "RETRY": "Retry",
    "EXPORT": "Export",
    "CONTINUE": "Continue",
    "ENTER_THE_CODE_MANUALLY": "Enter the code manually",
    "MANUFACTURERS_NAME": "Manufacturers name",
    "HOTLINE": "Hotline",
    "SEND_FEEDBACK": "Send feedback",
    "STAMPS_BRANDS": "Stamps brands",
    "BRAND": "Brand",
    "STATISTICS": "Statistics",
    "CHANGE_PASSWORD": "Change password",
    "LOGOUT": "Logout",
    "QUANTITY_CANNOT_BE_LESS_THAN_0": "Quantity cannot be less than 0",
    "THE_QUANTITY_IS_INCORRECT": "The number of flasks cannot be greater than the number of existing ones",
    "PLEASE_SELECT_A_DESTINATION": "Please select a destination",
    "YOU_ENTER_INFORMATION_IS_MISSING": "You enter information is missing",
    "UNKNOWN": "Unknown",
    "ENTER_THE_AMOUNT": "Enter the amount",
    "ENTER_THE_AMOUNT_TONS": "Enter the amount tons",
    "DELIVERY_TIME": "Delivery time",
    "NOTES": "Notes",
    "ADD_NOTES": "Add notes",
    "IMPORT_NOTES": "Enter notes",
    "ALARM": "Reminder",
    "NO_ORDER": "No order",
    "AGENCY_NAME": "Agency name",
    "STATION_NAME": "Station name",
    "AMOUNT_IS_REQUIRED": "Amount is required",
    "SHIPPING_INFORMATION": "Shipping information",
    "DRIVERS_NAME": "Driver's name",
    "DRIVER_NAME_IS_REQUIRED": "Driver name is required",
    "LICENSE_PLATE": "License plate",
    "LICENSE_PLATE_IS_REQUIRED": "License plate is required",
    "SELECT": "Select",
    "SELECTED": "Selected",
    "PLEASE_SELECT": "Please select",
    "FINISH": "Finish",
    "NUMBER_OF_CYLINDERS_WITHOUT_SERIAL": "Number of cylinders without serial",
    "YOU_HAVE_NOT_ENTERED_THE_NUMBER_OF_GAS_CYLINDERS": "You have not entered the number of gas cylinders",
    "NO_SERIAL_HAS_BEEN_ENTERED_YET": "No serial has been entered yet",
    "FULL_TANK_CANNOT_EXPORT_GAS_STATION": "Full tank cannot export gas station",
    "EMPTY_CYLINDER_CANNOT_BE_SOLD": "Empty cylinder cannot be sold",
    "TOTAL_NUMBER_OF_LPG_CYLINDERS_WERE_MANIPULATED": "Total number of LPG cylinders were manipulated",
    "RETRACE_FROM_THE_MARKET": "Retrace from the market",
    "BUY_FROM_PARTNERS": "Buy from partners",
    "RENT_FROM_PARTNERS": "Rent from partners",
    "FROM_FACTORY_REPAIR": "From factory repair",
    "IMPORT_CYLINDER": "Import cylinder",
    "EXPORT_CYLINDER": "Export cylinder",
    "SELL_CYLINDER": "Sell cylinder",
    "CHECK_CYLINDER": "Check cylinder",
    "SEND_NOTIFICATION": "Send notification",
    "SEND_NOTIFICATION_SUCCESS": "Send notification success",
    "SEND_NOTIFICATION_TO_WAREHOUSE": "Do you want to send a notification to warehouse?",
    "SEE_FEEDBACK_FROM_CONSUMERS": "See feedback from consumers",
    "CHECK_INFORMATION": "Check information",
    "ENTER_THE_RETURN_SERIAL": "Enter the return serial",
    "EXPORT_THE_SHELL": "Export the shell",
    "ENTER_THE_SERIAL_OF_GAS_CYLINDER_TO_BE_LOADED": "Enter the serial of gas cylinder to be loaded",
    "EXPORT_TO_TRADERS": "Export to traders",
    "EXPORT_TO_RETAIL": "Export to retail",
    "EXPORT_WAREHOUSE": "Export from warehouse",
    "IMPORT_CYLINDERS_TO_FIX": "Import cylinders to fix",
    "EXPORT_RETURNS": "Export returns",
    "SIGNATURE": "Signature",
    "LOOK_UP_MANUALLY": "Look up manually",
    "REPORT": "Report",
    "BRAND_INFORMATION": "Brand information",
    "UNDER_CONSTRUCTION": "Under construction",
    "TURN_BACK": "Turn back",
    "THE_SERIAL_WAS_MANIPULATED": "The Serial was manipulated",
    "SHIPPER_SHIPPING_INFORMATION": "Shipper - shipping information",
    "BUYER_INFORMATION": "Buyer information",
    "SEE_THE_REPORT": "See the report",
    "CHANGE_THE_PASSWORD": "Change the password",
    "SEND_REPORT_TO_BUSINESSES": "Send report to businesses",
    "CHOOSE_COMPANY": "Please choose a company first",
    "COMPANY_IS_REQUIRED": "Company is required",
    "SELECT_YOUR_LANGUAGE": "SELECT YOUR LANGUAGE",
    "English": "English",
    "Vietnamese": "Vietnamese",
    "ALERT": "ALERT",
    "DANGER": "DANGER",
    "CLOSE": "CLOSE",
    "DRIVER": "Driver",
    "Execution_account": "Execution account",
    "Role": "Role",
    "Act": "Act",
    "Number_of_gas_cylinders": "Number of gas cylinders",
    "Delivery_date": "Delivery date",
    "Creation_date": "Creation date",
    "Implementation_date": "Implementation date",
    "There_are_no_matching_orders": "There are no matching orders",
    "License_plates": "License_plates",
    "delivery_history": "Delivery history",
    "EXPORT_HISTORY": "Export history",
    "not_delivery_history": "No delivery history yet",
    "select_driver": "Select driver",
    "SIGNATURE_IS_REQUIRED": "Please click save when finished signing",
    "CHECK_CYLINDER_INFORMATION": "Please check the gas cylinder information",
    "Current_weight": "Residual weight of the bottle",
    "WEIGHT_IS_REQUIRED": "Weight is required",
    "SAVE": "Save signature",
    "RESET": "Create a new signature",
    "RESET_DATE": "Reset",
    "SAFETY": "Safety instructions",
    "CHECKLIST_FOR_USING_SYSTEM_OF_CYLINDER": "Checklist for using system of cylinder",
    "MONTHLY_CHECKLIST": "Monthly checklist",
    "TANK_CHECKING_RECORD": "Tank checking record",
    "VALVE_FLANGE_AND_COMPONENTS_ON_PIPELINE_RECORD": "Valve, flange and components on pipeline record",
    "VAPORIZER_CHECKING_RECORD": "Vaporizer checking record",
    "EARTHING_SYSTEM_CHECKING_RECORD": "Earthing system checking record",
    "FIRE_FIGHTING_CHECKING_RECORD": "Fire fighing checking record",
    "CREATE_ORDER": "Create order",
    "ORDER_SUCCESS": "ORDERS SUCCESS",
    "YOUR_ORDER_HAS_BEEN_SUCCESSFULLY_CREATED": "Your order has been successfully created",
    "THANK_YOU_FOR_YOUR_ORDER": "Thank you for your order",
    "CREATE_NEW_ORDERS": "Create new order",
    "NEW_ORDERS": "New orders",
    "CREATE_NEW_ORDERS_TANK_TRUCK": "Create new order (Tank truck)",
    "ORDER_STATUS": "Order status",
    "UPDATE_ORDER_STATUS": "Update order status",
    "UPDATE": "Update",
    "COLOR_VALVE": "Color, valve",
    "COMPANY_NAME_IS_REQUIRE": "You did not enter a company name",
    "COMPANY_NAME": "Company name",
    "CHECKED_BY": "Checked by",
    "IMPORT_NAME_CHECKED_BY_ERROR": "You have not entered a tester's name",
    "LOCATION": "Address",
    "IMPORT_LOCATION_ERROR": "You do not enter an address",
    "IMPORT_CYLINDERSOTHERS_ERROR": "You have not entered the reasons",
    "IMPORT_PIGTAILS_TYPE_ERROR": "You have not entered the type",
    "IMPORT_PIGTAILS_APPEARANCE_ERROR": "You have not entered an external status",
    "IMPORT_PERIODICALLNSPECTION_DEVICES_ERROR": "You have not entered device required by statement",
    "CONDITION": "Condition before maintenance",
    "CONDITION_ERROR": "You have not entered the Condition before maintenance",
    "WORK": "Maintenance work",
    "WORK_ERROR": "You have not entered Maintenance tasks",
    "JOB_SUG": "Job results and suggestions",
    "JOB_SUG_ERROR": "You have not entered results of work and suggestions",
    "CONTAINER": "CONTAINER AREA GA",
    "SECTOR": "Sector",
    "FLAMMABLE": "Flammable objects",
    "WARNING": "Warning signs",
    "EXTINGUISHER": "Fire extinguisher",
    "GAS_CONTAINERS": "GAS CONTAINERS",
    "EXTERNAL": "External situation",
    "Normal": "Normal",
    "WEIRDO": "Weirdo",
    "OTHER": "Other",
    "OTHER_REASONS": "Other reasons",
    "SOFT_PIPES": "SOFT PIPES FROM GAS BOTTLE INTO PIPES",
    "PIPE_ASSISTANCE_BEFORE": "PIPE ASSISTANCE BEFORE LEVEL VALVE VALVE 1",
    "LEAKAGE": "Leakage",
    "PIPE_ASSISTANCE_AFTER": "PIPE ASSISTANCE AFTER LEVEL VALVE VALVE 1",
    "VALVE_SYSTEM": "VALVE SYSTEM ON PIPE PIPE",
    "TUBES_OF_SOFTWARE": "TUBES OF SOFTWARE FROM TUBES TO THE BURNING EQUIPMENT",
    "SPECIES": "Species",
    "SOFT_RUBBER": "Soft rubber bands",
    "COPPER": "Copper pipe",
    "DEVICES_REQUIRED": "DEVICES REQUIRED PERIODIC INSPECTION INSPECTION",
    "COMMENTS": "Comments and suggestions",
    "CONFIRM_THE_TEST": "Confirm the test execution",
    "END": "END",
    "TEST_DAY": "Test day",
    "MAINTENANCE": "There is no maintenance schedule",
    "CLOSED": "Closed",
    "SELECT_MAINTENANCE": "Select maintenance schedule",
    "GENERAL": "General examination visually",
    "CHECK_FOR": "Check for signs of corrosion outside of the tub and the tub area, foot of the foot of the tub, pipe",
    "CHECK_FOR_COMBUSTIBLE": "Check for combustible materials in the area of Gas storage",
    "CHECK_FOR_PROHIBITION": "Check the prohibition signs, instruction signs",
    "CHECK_FOR_LEAKS": "Check for leaks of equipment attached to the tank",
    "CHECK_PIPING": "Check piping valves and appliances on piping",
    "CHECK_THE_OPERATION_GLOBE": "Check the operation status of the globe valve",
    "CHECK_THE_OPERATION_BALL": "Check the operation status of the ball valve",
    "CHECK_THE_OPERATION_DRAIN": "Check the status of the drain valve",
    "CHECK_THE_OPERATION_ELECTRONIC": "Check the operating status of the electronic valve",
    "CHECK_THE_OPERATION_LV1": "Check the operation of level 1 pressure regulating valve",
    "CHECK_FOR_CORROSION": "Check for corrosion of pipes and joints",
    "DRAIN_RESIDUE": "Drain and residue in pipes",
    "CHECK_FOR_AT": "Check for leaks at joints, valves, filters ...",
    "CHECK_THE_OPERATION_COOLING": "Check the operation of the cooling system at the tub area",
    "CHECK_FIRE": "Check fire hydrant",
    "CHECK_PORTABLE": "Check portable fire extinguisher. Quantity Quality",
    "CHECK_THE_CONTROL": "Check the control system",
    "RINSE_THE_RESIDUES": "Rinse the residues in the evaporator's water",
    "TOP_UP_WATER": "Top up the water to the right level of vaporizer as request from manufacture",
    "CHECK_WATER_LV": "Check the water level of the evaporator and replenish it promptly",
    "CHECK_FOR_LEAKS_JOINTS": "Check for leaks at joints",
    "CHECK_THE_POWER": "Check the power source",
    "CHECK_STEAM": "Check steam evaporator devices",
    "CHECK_GROUND": "Check ground resistance",
    "CHECK_THE_POINTS": "Check the grounding points of the ground resistance",
    "CHECK_THE_BOILER": "Check the boiler area",
    "EXPORT_BY_DRIVER": "Export by Driver",
    "TURNBACK_BY_DRIVER": "Turnback by driver",
    "TURNBACK_TO_COMPANY": "Turnback to company",
    "reflux_weight": "Weight of bottle when reflecting",
    "notification": "notification",
    "Email_Or_Pass": "Email or Password is incorrect",
    "Problem": "Sorry. We are experiencing an unexpected problem. Please try again",
    "Check_valve_pipe": "Check valve,pipe",
    "Select_calendar": "Select calendar",
    "Order_date": "Order date",
    "Enter_a_number": "You did not enter a number",
    "Amount": "Amount",
    "Selected_the_company": "You have not selected the company",
    "Enter_the_order_code": "You have not entered the order code",
    "Enter_the_order_code_to_search": "Enter order code to search",
    "Code_orders": "Code orders",
    "Order": "Order",
    "STATION": "Station",
    "Factory": "Factory",
    "Receive": "Receive",
    "Transport": "Transport",
    "Select_order_above": "Select order above",
    "No_orders_elected": "No_orders_elected",
    "ORDER_DETAILS": "ORDER DETAILS",
    "THE_QUANTITY_MUST_BE_INTEGER": "The quantity must be integer",
    "DELETE": "Delete",
    "DELETE_ALL": "Delete all",
    "THE_FACTORY_IS_UNAVAILABLE_OR_HAS_BEEN_DELETED": "The factory is unavailable or has been deleted",
    "COPY_1_SAVE": "Copy 1: Save",
    "THIS_CYLINDER_IS_DELIVERIED": "This Cylinder is deliveried",
    "TURN_ON_BLUETOOTH": "Turn on the bluetooth before scanning the device to connect",
    "BLUETOOTH_STATUS": "Bluetooth status",
    "CONNECT_DEVICE": "Connect device: ",
    "FIND_DEVICE_TO_CONNECT": "Found device to connect (Choose to connect): ",
    "DEVICE_PAIRED": "Paired device: ",
    "ON": "On",
    "OFF": "Off",
    "NO_DEVICE": "No deivce",
    "ENTER_FULL_CUSTOMER_INFO": "Please enter full customer information",
    "THIS_CYLINDER_IS_IN_FACTORY": "This cylinder is in factory",
    "SCAN_ACCEPT": "Scan",
    "THIS_IS_NOT_YOUR_PRODUCT": "This product is not yours",
    "DUPLICATE_PRODUCT": "Please do not choose the same product",
    "CHANGE_PASSWORD_IS_SUCCESSED": "Change password is successed",
    "Statistic_Detail": "Statistic detail",
    "Statistics_Report": "Report",
    "Statistics_Report_Ver2": "Report V2",
    "FILTER": "Filter",
    "REQUEST": "Request",
    "LIST_ORDER": "List order",
    "CUSTOMER_TYPE": "Choose type of customer....",
    "CHOOSE_CUSTOMER_TYPE": "Choose type of customer",
    "ORDER_CANCEL_SUCCESS": "Order cancel",
    "ORDER_CANCEL_FIRST": "Order cancel first",
    "ORDER_CANCEL_2ND": "Order cancel 2nd",
    "Browsing": "Browsing",
    "Delivering": "Delivering",
    "CUSTOMER_ID": "Customer ID",
    "CUSTOMER_ID_CHON": "Chose Customer",
    "CHOOSE_RECIPIENTS": "Choose recipients",
    "CHOOSE_EXPORT_WAREHOUSE": "Choose 0recipients warehouse",
    "PRODUCT_ID": "Product ID...",
    "ORDER_DATES": "Order date",
    "ORDER_TIMES": "Order times",
    "List_of_notes": "List of notes",
    "CHOOSE_VALVE_TYPE": "Choose valve type",
    "VALVE_TYPE": "Valve type",
    "CHOOSE_CYLINDERS_TYPE": "Choose cylinders type",
    "CHOOSE_MANUFACTURE": "Choose manufacture",
    "CYLINDERS_TYPE": "Cylinder Type",
    "CHOOSE_TYPE": "Choose type",
    "CHOOSE_COLOR": "Choose color",
    "CREATE_CYLINDERS": "Create Cylinders",
    "TOTAL_JUST_CREATED": "Total of just created cylinders",
    "TOTAL_SHELL": "Total cylinders",
    "COMPLETED": "Completed",
    "CONFIRMED": "Confirmed",
    "DO_NOT_BROWSE": "Do not browse",
    "RESEND_FOR_REVIEW": "Resend for review",
    "DELIVERING": "Delivering",
    "DELIVERED": "Delivered",
    "INIT": "Init",
    "WAREHOUSE": "Export warehouse",
    "CANCELLED": "Cancelled",
    "WAREHOUSECODE": "Ware house code",
    "AGENCYCODE": "Agency code",
    "SHOW_ALL": "Show All",
    "SUBMIT": "Submit",
    "SUBMITORDER": "Submit order",
    "ADD": "Add",
    "THIS_FIELD_CANNOT_BE_LEFT_BLANK": "This field cannot be left blank",
    "INFORMATION_ORDER": "Information of orders",
    "WAREHOUSE_EXPORT": "Warehouse export",
    "RECIPIENTS": "Recipients",
    "TIME_DELIVER": "Time deliver",
    "DAY_DELIVER": "Day deliver",
    "DATE_DELIVER": "Date deliver",
    "NOTE": "Note",
    "ACCEPTED_ORDER": "Accepted",
    "DONE": "Done",
    "CYLINDER": "Cylinder",
    "ORDERS": "Orders",
    "DETAIL": "Detail",
    "PHONE_ERROR": "You have not entered phone number",
    "RESULT_FOR": "result for",
    "LAN": "",
    "DRIVER_TAB": "Driver",
    "LOAD_SCANNED_CYLINDER": "Load scanned cylinders",
    "DO_YOU_WANT_TO_LOAD_SCANNED_CYLINDERS": "Do you want to load all scanned cylinders?",
    "DO_YOU_WANT_TO_CREAT_AN_ORDER": "Do you want to place an order to",
    "CHOOSING_EXPORT_WAREHOUSE": "Choose export warehouse...",
    "ENTER_WEIGHT": "Enter weight (ton)",
    "CONFIRM_ORDER": "Confirm order",
    "FLUCTUATION_SURPLUS": "Fluctuations surplus",
    "OPENING_BALANCE": "Opening balance",
    "ENDING_BALANCE": "Ending balance",
    "IMPORT_QUANTITY": "Import quantity",
    "EXPORT_QUANTITY": "Export quantity",
    "CREATED_SHELL": "Created shells",
    "EXPORTED_CYLINDERS": "Exported cylinders",
    "TURNBACK_SHELL": "Turnback shells",
    "TOTAL_TURNBACK_SHELL": "Total turnback shells",
    "INVENTORY": "inventory",
    "EXPORT_SHELL_FROM_FIXER": "Export shell from fixer",
    "EXPORT_SHELL_TO_FIXER": "Export shell to fixer",
    "EXPORT_SHELL_FROM_ELSEWHERE": "Export shell from elsewhere",
    "EXPORT_SHELL_TO_ELSEWHERE": "Export shell to elsewhere",
    "NEW_PRODUCTION": "Sản xuất mới",
    "NULL_DATA": "Hasn't have any data yet",
    "DELIVERY": "Delivery",
    "FOOTER_INFORMATION": "LPG BOTTLES IS THE PROPERTY OF GAS SOUTH\nALL OF GAS SOUTH PRODUCTS IS INSURED"
}