{
    "LOGIN": "Đăng nhập",
    "USERNAME": "Tên đăng nhập",
    "PASSWORD": "Mật khẩu",
    "SAVE_PASSWORD": "Lưu mật khẩu",
    "HOME": "Trang chủ",
    "BRANCH_SOUTHERN": "Chi Nhánh Miền Tây",
    "CURRENT_PASSWORD": "Mật khẩu hiện tại",
    "NEW_PASSWORD": "Mật khẩu mới",
    "CONFIRM_PASSWORD": "Xác nhận mật khẩu mới",
    "REQUIRED_FIELDS": "Vui lòng nhập đầy đủ thông tin",
    "NEW_PASSWORD_AND_CONFIRMATION_PASSWORD_NOT_MATCH": "Bạn nhập 2 mật khẩu mới không giống nhau",
    "CONNECTION_ERROR": "Lỗi kết nối vui lòng kiểm tra mạng",
    "CURRENT_PASSWORD_IS_REQUIRED": "Bạn chưa nhập mật khẩu cũ",
    "NEW_PASSWORD_IS_REQUIRED": "Bạn chưa nhập mật khẩu mới",
    "CONFIRM_PASSWORD_IS_REQUIRED": "Bạn chưa nhập lại mật khẩu mới",
    "FEEDBACK_SENT_SUCCESSFULLY": "Gửi phản hồi thành công",
    "YOUR_FEEDBACK_HAS_BEEN_SENT_SINCERE_THANKS": "Phản hồi của bạn đã được gửi. Chân thành cảm ơn.",
    "SEND_ALL": "Gửi tất cả",
    "MESSAGE_CONTENT": "Nội dung thông báo",
    "CONTENT": "Nội dung",
    "SEND": "Gửi ngay",
    "ORDER_INFORMATION": "Thông tin đơn hàng",
    "ORDER_EMPTY": "Chưa có sản phẩm trong giỏ hàng",
    "OWNER": "Chủ sở hữu",
    "SERIAL_NUMBER": "Số Serial",
    "SEARCH": "Tra cứu",
    "DETERMINERS": "Hạn kiểm định",
    "FULL_NAME": "Họ tên khách hàng",
    "ADDRESS": "Địa chỉ",
    "DELIVERY_DATE": "Ngày giao",
    "EXPORT_DATE": "Ngày xuất",
    "EXPORT_DATE_BRIEF": "Ngày sản xuất",
    "EXPIRY": "Hạn sử dụng",
    "DATE_OF_MANUFACTURE": "Ngày xuất xưởng",
    "RETAIL_STORE_INFORMATION": "Thông tin cửa hàng bán lẻ",
    "RETAIL_STORE_NAME": "Tên cửa hàng bán lẻ",
    "PHONE": "Điện thoại",
    "PHONE_ERROR": "Bạn chưa nhập số điện thoại",
    "CONFIRM": "Xác nhận",
    "SUCCESS": "Thành công",
    "HANDLING_SUCCESS": "Thao tác thành công",
    "CUSTOMER_INFORMATION_IS_INCORRECT_PLEASE_TRY_AGAIN": "Thông tin khách hàng không chính xác. Vui lòng thử lại.",
    "CUSTOMER_INFORMATION": "Thông tin khách hàng",
    "CUSTOMER_NAME": "Tên khách hàng",
    "CUSTOMER_NAME_IS_REQUIRED": "Tên khách hàng là bắt buộc",
    "CUSTOMER_ADDRESS": "Địa chỉ khách hàng",
    "CUSTOMER_ADDRESS_IS_REQUIRED": "Địa chỉ khách hàng là bắt buộc",
    "YOU_DID_NOT_ENTER_A_CUSTOMER_ADDRESS": "Bạn chưa nhập địa chỉ khách hàng",
    "IMPORT": "Nhập",
    "IMPORT_NOTES": "Nhập ghi chú",
    "ALL": "Tất cả",
    "PARTNER_HIRED_SHELLS": "Đối tác thuê vỏ",
    "PARTNER_BUY_SHELLS": "Đối tác mua vỏ",
    "Shell_pile": "Cọc vỏ",
    "Shell_pile_Order": "Đơn cọc vỏ",
    "Borrow_Shell": "Mượn vỏ",
    "Borrow_Shell_Order": "Đơn mượn vỏ",
    "Single_": "Đơn bình",
    "SUBSIDIARY": "Công ty con",
    "REPAIR_FACTORY": "Nhà máy sửa chữa",
    "LABEL_REPAIR_FACTORY": "NM sửa chữa",
    "START_DATE_CANNOT_BE_GREATER_THAN_END_DATE": "Ngày bắt đầu không được lớn hơn ngày kết thúc",
    "PLEASE_CHOOSE_A_DELIVERY_DATE_GREATER_THAN_THE_CURRENT_DATE": "Vui lòng chọn ngày giao lớn hơn ngày hiện tại",
    "PLEASE_CHOOSE_A_DELIVERY_DATE": "Vui lòng chọn ngày giao",
    "PLEASE_CHOOSE_A_DATE": "Vui lòng chọn ngày",
    "choose_a_bigger_date": "Vui lòng chọn ngày lớn hơn",
    "IN_STOCK": "Tồn kho",
    "TOTAL_IN_STOCK": "Tổng số vỏ tồn kho",
    "WAITING": "Đang chờ",
    "SOLD_TO_THE_PEOPLE": "Đã bán cho người dân",
    "BEING_ELSEWHERE": "Đang ở nơi khác",
    "EXISTING_SUBSIDIARY": "Tồn tại cty con",
    "EXISTING_TRADER": "Tồn tại TNMB",
    "EXISTING_RETAIL_STORE": "Tồn tại CHBL",
    "EXIST_PARTNER": "Tồn tại đối tác",
    "EXIST_REPAIR_FACTORY": "Tồn tại NM Sửa chữa",
    "TRADER": "Thương nhân mua bán",
    "LABEL_TRADER": "TN mua bán",
    "RETAIL_STORE": "Cửa hàng bán lẻ",
    "PARTNER_BOUGHT_OFF": "Đối tác mua đứt",
    "RENTAL_PARTNER": "Đối tác cho thuê",
    "RETURNED_CYLINDER": "Bình trả",
    "RETURNED_SHELL": "Vỏ trả",
    "TOTAL": "Tổng",
    "TOTAL2": "Tổng cộng",
    "TOTAL_CYLINDERS": "Tổng số bình",
    "TOTAL_WEIGHT": "Tổng khối lượng (kg)",
    "TOTAL_AGENCY": "Tổng cửa hàng bán lẻ",
    "TOTAL_INITIALIZATION": "Tổng số vỏ đã số hóa",
    "TOTAL_EXPORT_TO_AGENCY": "Tổng số bình xuất cho cửa hàng bán lẻ",
    "TOTAL_EXPORT_TO_CUSTOMER": "Tổng số bình xuất cho người dân",
    "TOTAL_EXPORT_TO_GENERAL": "Tổng số bình xuất cho thương nhân mua bán",
    "TOTAL_EXPORT_TO_STATION": "Tổng số bình xuất cho trạm chiết",
    "TOTAL_GENERAL": "Tổng thương nhân mua bán",
    "TOTAL_IMPORT_CYLINDER": "Tổng số bình đã nhập",
    "TOTAL_CREATED_CYLINDER": "Tổng số bình đã tạo",
    "TOTAL_STATION": "Tổng trạm chiết",
    "TOTAL_IMPORT_FROM_STATION": "Tổng số bình nhập từ trạm chiết",
    "TOTAL_IMPORT": "Tổng số bình nhập",
    "TOTAL_TURNBACK": "Tổng số bình hồi lưu",
    "TOTAL_EXPORTS": "Tổng số bình xuất",
    "TOTAL_SALES": "Tổng số bình đã bán",
    "REVENUE_VND": "Tổng Doanh Thu Đã Bán (VNĐ)",
    "TOTAL_EXPORT_SALE": "Tổng Số Bình Bán Cho Đối Tác",
    "TOTAL_EXPORT_RENT": "Tổng Số Bình Cho Đối Tác Thuê",
    "TOTAL_IMPORT_SALE": "Tổng Số Bình Mua Đứt Đối Tác",
    "TOTAL_IMPORT_RENT": "Tổng Số Bình Thuê Từ Đối Tác",
    "TOTAL_IMPORT_FIXER": "Tổng Số Bình Đã Nhập",
    "TOTAL_EXPORT_FIXER": "Tổng số bình đã xuất",
    "START_DATE": "Ngày bắt đầu",
    "END_DATE": "Ngày kết thúc",
    "STATISTICAL_INFORMATION": "Thông tin thống kê",
    "STATISTICAL_INFORMATION_VER2": "Thông tin thống kê V2",
    "STATISTICAL_CUSTOMER": "Thống kê khách hàng",
    "STATISTICAL_DELIVERY": "Thống kê giao hàng",
    "STATISTICAL_JAR_ERROR": "Thống kê bình lỗi",
    "STATISTICAL_REVENUE": "Thống kê doanh thu",
    "TODAY": "Hôm nay",
    "THISWEEK": "Tuần này",
    "THISMONTH": "Tháng này",
    "LASTMONTH": "Tháng trước",
    "CUSTOMRANGE": "Tùy chọn",
    "SELL": "Bán đứt",
    "RENT": "Cho thuê",
    "REPAIR": "Sửa chữa",
    "TIME": "Thời gian",
    "time_has_existed": "Thời gian đã tồn tại",
    "AREA": "Khu vực",
    "RETRIEVE_AUTOMATICALLY": "Truy xuất tự động",
    "CONNECTION_ERROR_PLEASE_CHECK_THE_NETWORK": "Lỗi kết nối vui lòng kiểm tra mạng",
    "USERNAME_IS_REQUIRED": "Tên đăng nhập là bắt buộc",
    "PASSWORD_IS_REQUIRED": "Mật khẩu là bắt buộc",
    "TRADEMARK": "Nhãn hiệu",
    "WEIGHT": "Khối lượng tịnh",
    "ORIGIN": "Xuất xứ",
    "MAKE_AT": "Đóng chai tại",
    "NOT_EXPORTED_YET": "Chưa xuất hàng",
    "PACKAGE_WEIGHT": "Trọng lượng vỏ chai",
    "INGREDIENT": "Thành phần khí",
    "STORAGE_INSTRUCTIONS": "Hướng dẫn bảo quản và sử dụng",
    "APPLIED_STANDARD": "Tiêu chuẩn áp dụng",
    "ORIGINAL_STANDARD": "Tiêu chuẩn cơ sở",
    "APPLY": "Áp dụng",
    "SAFETY_WARNING_INFORMATION": "Thông tin cảnh báo an toàn",
    "CONTAINS_GAS_UNDER_PRESSURE": "Chứa khí gas dưới áp suất",
    "MAY_EXPLODE_IF_HEATED": "Có thể nổ nếu gia nhiệt",
    "HIGHLY_FLAMMABLE_GAS": "Hơi và chất lỏng rất dễ cháy",
    "HARMFUL_WHEN": "Có tác hại khi",
    "IN_CONTACT_WITH_SKIN": "tiếp xúc với da và mắt",
    "IF_INHALED": "Nếu hít phải",
    "PRODUCT_INFORMATION": "Thông tin sản phẩm",
    "DUPLICATE_PRODUCT": "Vui lòng không chọn trùng sản phẩm",
    "GENUINE_PRODUCTS_OF": "Sản phẩm chính hãng của",
    "NAME_SHIPPER": "Tên nhân viên giao hàng",
    "SDT": "Số điện thoại",
    "COLOR": "Màu",
    "POSITION": "Trạng thái vị trí",
    "PRICE": "Giá tham khảo",
    "UNIT_PRICE": "Đơn giá",
    "EMPTY_UNIT_PRICE": "chưa có đơn giá",
    "INTO_MONEY": "Thành tiền",
    "MANUFACTURER_INFORMATION": "Thông tin nhà sản xuất",
    "DELIVERY_INFORMATION": "Thông tin nhận hàng",
    "CONTINUE_IMPORT": "Tiếp tục nhập",
    "FINISH_IMPORT": "Kết thúc nhập",
    "CONTINUE_EXPORT": "Tiếp tục xuất",
    "FINISH_EXPORT": "Kết thúc xuất",
    "FEEDBACK": "Phản hồi",
    "VERY_GOOD_PRODUCT_AFFORDABLE_PRICE": "Sản phấm rất tốt, giá cả phải chăng",
    "SCAN": "Quét ngay",
    "NO_SERIAL_FOUND": "Không tìm thấy mã bình nào",
    "PLEASE_TRY_AGAIN": "Vui lòng thử lại",
    "SCAN_QR": "Quét QR",
    "SCAN_SERIAL": "Quét mã",
    "MANUAL_SCANNING": "Quét thủ công",
    "PLEASE_ENTER_THE_SERIAL_CODE_TO_LOOK_UP": "Vui lòng nhập mã Serial để tra cứu",
    "ENTER_THE_SERIAL_CODE": "Nhập mã Serial trên bình",
    "SERIAL_CODE_IS_REQUIRED": "Mã serial là bắt buộc",
    "RESCAN": "Quét lại",
    "CANCLE": "Hủy bỏ",
    "PINK": "Hồng",
    "RED": "Đỏ",
    "GREEN": "Xanh lá",
    "BLUE": "Xanh dương",
    "GREY": "Xám",
    "6_COLORS": "6 Màu",
    "FROM": "Từ",
    "TO": "Đến",
    "STATUS": "Trạng thái",
    "IN_CUSTOMER": "Đang ở người dân",
    "LPG_BOTTLE_SERIES": "Seri vỏ chai LPG",
    "SOLD_AT": "Được bán tại",
    "DATE": "Ngày",
    "GAS_TANK_IS_NOT_IN_YOUR_SYSTEM": "Bình không thuộc hệ thống của bạn",
    "YOU_CANNOT_CONTINUE_EXPORTING": "Bạn không thể tiếp tục xuất",
    "YOU_CANNOT_CONTINUE_IMPORTING": "Bạn không thể tiếp tục nhập",
    "GAS_CYLINDERS_ARE_NOT_SHIPPED_TO_YOU": "Bình đang không đến bạn",
    "THIS_CYLINDER_IS_IN_CUSTOMER": "Bình này đang ở người dân",
    "GAS_CYLINDER_IS_NOT_AT_YOU": "Bình đang không ở bạn",
    "RETRY": "Thử lại",
    "EXPORT": "Xuất",
    "CONTINUE": "Tiếp tục",
    "ENTER_THE_CODE_MANUALLY": "Nhập mã thủ công",
    "SHIPMENT_CHART": "Biểu đồ xuất hàng",
    "IMPORT_CHART": "Biểu đồ nhập hàng",
    "MANUFACTURERS_NAME": "Tên nhà sản xuất",
    "HOTLINE": "Hotline",
    "SEND_FEEDBACK": "Gửi phản hồi",
    "STAMPS_BRANDS": "Tem nhãn hàng",
    "BRAND": "Thương Hiệu",
    "STATISTICS": "Thống kê",
    "CHANGE_PASSWORD": "Đổi mật khẩu",
    "LOGOUT": "Đăng xuất",
    "NUMBERS_OF": "Số lượng",
    "QUANTITY_CANNOT_BE_LESS_THAN_0": "Số lượng không được nhỏ hơn 0",
    "THE_QUANTITY_IS_INCORRECT": "Số lượng bình xuất không được lớn hơn số bình hiện có",
    "PLEASE_SELECT_A_DESTINATION": "Vui lòng chọn điểm đến",
    "YOU_ENTER_INFORMATION_IS_MISSING": "Bạn nhập thiếu thông tin",
    "UNKNOWN": "Không xác định",
    "ENTER_THE_AMOUNT": "Nhập số lượng",
    "ENTER_THE_AMOUNT_TONS": "Nhập số lượng(tấn)",
    "DELIVERY_TIME": "Thời gian giao hàng",
    "NOTES": "Ghi chú",
    "AMOUNT_IS_REQUIRED": "Số lượng là bắt buộc",
    "SHIPPING_INFORMATION": "Thông tin vận chuyển",
    "DRIVERS_NAME": "Tên lái xe",
    "DRIVER_NAME_IS_REQUIRED": "Tên lái xe là bắt buộc",
    "LICENSE_PLATE": "Biển số xe",
    "LICENSE_PLATE_IS_REQUIRED": "Bạn chưa nhập biển số xe",
    "SELECT": "Chọn",
    "SELECTED": "Chọn xong",
    "SELECT_AREA": "Chọn khu vực",
    "SELECT_TYPE_CUSTOMER": "Chọn loại khách hàng",
    "PLEASE_SELECT": "Vui lòng chọn",
    "FINISH": "Hoàn thành",
    "NUMBER_OF_CYLINDERS_WITHOUT_SERIAL": "Số lượng bình không mã",
    "YOU_HAVE_NOT_ENTERED_THE_NUMBER_OF_GAS_CYLINDERS": "Bạn chưa nhập số bình",
    "NO_SERIAL_HAS_BEEN_ENTERED_YET": "Chưa có mã bình nào được nhập",
    "FULL_TANK_CANNOT_EXPORT_GAS_STATION": "Bình đầy không thể xuất trạm chiết",
    "EMPTY_CYLINDER_CANNOT_BE_SOLD": "Bình rỗng không thể xuất bán",
    "TOTAL_NUMBER_OF_LPG_CYLINDERS_WERE_MANIPULATED": "Tổng số vỏ chai LPG đã thao tác",
    "RETRACE_FROM_THE_MARKET": "Hồi lưu từ thị trường",
    "BUY_FROM_PARTNERS": "Mua đứt từ đối tác",
    "RENT_FROM_PARTNERS": "Thuê từ đối tác",
    "FROM_FACTORY_REPAIR": "Từ nhà máy sửa chữa",
    "IMPORT_CYLINDER": "Nhập hàng",
    "EXPORT_CYLINDER": "Xuất hàng",
    "SELL_CYLINDER": "Bán hàng",
    "ALARM": "Đặt lời nhắc",
    "NO_ORDER": "Không có đơn hàng",
    "CREATE_ORDERS": "Đặt Hàng",
    "ORDER_SUCCESS": "ĐẶT HÀNG THÀNH CÔNG",
    "YOUR_ORDER_HAS_BEEN_SUCCESSFULLY_CREATED": "Đơn hàng của bạn đã được tạo thành công",
    "THANK_YOU_FOR_YOUR_ORDER": "Cảm ơn quý khách đã đặt hàng",
    "PRODUCTION_WAREHOUSE": "Kho sản xuất",
    "CHOOSE_WAREHOUSE": "Chọn kho",
    "CREATE_NEW_ORDERS": "Tạo đơn hàng mới",
    "NEW_ORDERS": "đơn hàng mới",
    "CREATE_NEW_ORDERS_TANK_TRUCK": "Tạo đơn hàng mới (Xe bồn)",
    "CREATE_NEW_ORDER_SUCCESS": "Tạo đơn hàng mới thành công",
    "ORDER_REQUEST_SUCCESS": "Gửi yêu cầu duyệt thành công",
    "ORDER_CANCEL_SUCCESS": "Từ chối đơn",
    "ORDER_CANCEL_FIRST": "Từ chối lần 1",
    "ORDER_CANCEL_2ND": "Từ chối lần 2",
    "CONFIRM_ORDER": "Xác nhận đặt hàng",
    "ORDER_REQUEST": "Đã xác nhận đơn hàng",
    "Browsing": "Đang duyệt",
    "Delivering": "Đang giao",
    "CHECK_CYLINDER": "Kiểm tra bình",
    "SEND_NOTIFICATION": "Gửi thông báo",
    "SEND_NOTIFICATION_SUCCESS": "Gửi thông báo thành công",
    "SEND_NOTIFICATION_TO_WAREHOUSE": "Gửi thông báo đến kho?",
    "CANCEL_DETAIL": "Hủy Đơn Hàng",
    "CANCEL_ORDER": "Bạn có chắc muốn hủy đơn hàng?",
    "CANCEL_ORDER_SUCCESS": "Hủy đơn hàng thành công",
    "SEE_FEEDBACK_FROM_CONSUMERS": "Xem phản hồi từ người tiêu dùng",
    "CHECK_INFORMATION": "Kiểm tra thông tin",
    "ENTER_THE_RETURN_SERIAL": "Nhập mã bình hồi lưu",
    "EXPORT_THE_SHELL": "Xuất vỏ bình",
    "ENTER_THE_SERIAL_OF_GAS_CYLINDER_TO_BE_LOADED": "Nhập mã bình chiết nạp",
    "ORDER_MANAGEMENT": "Quản lý đơn hàng",
    "Creation_date": "Ngày tạo",
    "There_are_no_matching_orders": "Không có đơn hàng nào phù hợp",
    "Implementationdate": "Ngày thực hiện",
    "ORDER_MANAGEMENT_TANK_TRUCK": "Quản lý đơn hàng (Xe bồn)",
    "EXPORT_TO_TRADERS": "Xuất bình cho Thương nhân sở hữu",
    "EXPORT_TO_RETAIL": "Xuất cho cửa hàng bán lẻ",
    "EXPORT_WAREHOUSE": "Xuất kho",
    "IMPORT_CYLINDERS_TO_FIX": "Nhập Bình Sửa Chữa",
    "EXPORT_RETURNS": "Xuất Trả Bình",
    "SIGNATURE": "Chữ ký",
    "LOOK_UP_MANUALLY": "Tra cứu thủ công",
    "REPORT": "Thông báo lỗi",
    "BRAND_INFORMATION": "Thông tin nhãn hàng",
    "ORDER_DETAILS": "Chi tiết đơn hàng ",
    "ORDER_DETAIL_TANK_TRUCK": "Chi tiết đơn hàng (Xe bồn)",
    "UNDER_CONSTRUCTION": "Đang xây dựng",
    "TURN_BACK": "Hồi lưu",
    "THE_SERIAL_WAS_MANIPULATED": "Các mã đã thao tác",
    "SHIPPER_SHIPPING_INFORMATION": "Thông tin vận chuyển - shipper",
    "BUYER_INFORMATION": "Thông tin người mua hàng",
    "SEE_THE_REPORT": "Xem thông báo",
    "CHANGE_THE_PASSWORD": "Thay đổi mật khẩu",
    "SEND_REPORT_TO_BUSINESSES": "Gởi thông báo cho doanh nghiệp",
    "CHOOSE_COMPANY": "Vui lòng chọn công ty trước",
    "COMPANY_IS_REQUIRED": "Chọn công ty là bắt buộc",
    "SELECT_YOUR_LANGUAGE": "VUI LÒNG CHỌN NGÔN NGỮ",
    "English": "Tiếng anh",
    "DELIVERING": "Đang vận chuyển",
    "COMPLETED": "Đã hoàn thành",
    "REQUEST": "Chờ xác nhận",
    "Vietnamese": "Tiếng việt",
    "ALERT": "CẢNH BÁO",
    "DANGER": "NGUY HIỂM",
    "CLOSE": "ĐÓNG",
    "DRIVER": "Tài xế",
    "Execution_account": "Tài khoản thực hiện",
    "Role": "Vai trò",
    "Act": "Hành động",
    "Number_of_gas_cylinders": "Số bình",
    "Delivery_date": " Ngày giao ",
    "License_plates": "Biển số xe",
    "delivery_history": "Lịch sử giao hàng",
    "DELIVERY_ADDRESS": "Địa chỉ giao hàng",
    "EXPORT_HISTORY": "Lịch sử xuất hàng",
    "not_delivery_history": "Chưa có lịch sử giao hàng nào",
    "select_driver": "Chọn tài xế",
    "SIGNATURE_IS_REQUIRED": "Vui lòng nhấn lưu khi ký xong",
    "CHECK_CYLINDER_INFORMATION": "Vui lòng kiểm tra lại thông tin bình gas",
    "Current_weight": "Nhập số cân năng của bình khi hồi lưu",
    "WEIGHT_IS_REQUIRED": "Cân nặng không được để trống",
    "SAVE": "Lưu chữ ký",
    "RESET": "Tạo chữ ký mới",
    "RESET_DATE": "Tạo lại",
    "SAFETY": "Chỉ dẫn an toàn",
    "List_of_notes": "Danh sách ghi chú",
    "CHECKLIST_FOR_USING_SYSTEM_OF_CYLINDER": "Danh mục kiểm tra hệ thống sử dụng gas bình",
    "MONTHLY_CHECKLIST": "Danh mục kiểm tra hệ thống bồn gas",
    "TANK_CHECKING_RECORD": "Kiểm tra bồn chứa LPG",
    "VALVE_FLANGE_AND_COMPONENTS_ON_PIPELINE_RECORD": "Kiểm tra van, đường ống và các thiết bị trên đường ống",
    "VAPORIZER_CHECKING_RECORD": "Kiểm tra nồi hóa hơi",
    "EARTHING_SYSTEM_CHECKING_RECORD": "Kiểm tra hệ thống đất",
    "FIRE_FIGHTING_CHECKING_RECORD": "Kiểm tra hệ thống PCCC",
    "CREATE_ORDER": "Tạo đơn hàng",
    "ORDER_STATUS": "Trạng thái đơn hàng",
    "UPDATE_ORDER_STATUS": "Cập nhật trạng thái đơn hàng",
    "COLOR_VALVE": "Màu sắc, loại van",
    "COMPANY_NAME_IS_REQUIRE": "Bạn chưa nhập tên công ty",
    "COMPANY_NAME": "Tên công ty",
    "CHECKED_BY": "Kiểm tra bởi",
    "IMPORT_NAME_CHECKED_BY_ERROR": "Bạn chưa nhập tên người kiểm tra",
    "SIGN_REQ": "Người kiểm tra chưa ký",
    "SIGN_CHECK": "Xác nhận chữ ký",
    "LOCATION": "Địa chỉ",
    "IMPORT_LOCATION_ERROR": "Bạn chưa nhập địa chỉ",
    "IMPORT_CYLINDERSOTHERS_ERROR": "Bạn chưa nhập các lý do khác",
    "IMPORT_PIGTAILS_TYPE_ERROR": "Bạn chưa nhập chửng loại",
    "IMPORT_PIGTAILS_APPEARANCE_ERROR": "Bạn chưa nhập tình trạng bên ngoài",
    "IMPORT_PERIODICALLNSPECTION_DEVICES_ERROR": "Bạn chưa nhập các thiết bị có yêu cầu kiểm định kỳ theo quy định",
    "CONDITION": "Tình trạng trước khi bảo trì",
    "CONDITION_ERROR": "Bạn chưa nhập tình trạng trước khi bảo trì",
    "WORK": "Công việc bảo trì",
    "WORK_ERROR": "Bạn chưa nhập công việc bảo trì",
    "JOB_SUG": "Kết quả công việc và đề xuất",
    "JOB_SUG_ERROR": "Bạn chưa nhập kết quả công việc và đề xuất",
    "CONTAINER": "KHU VỰC CHỨA BÌNH GA",
    "SECTOR": "Khu vực",
    "FLAMMABLE": "Các vật dễ cháy",
    "WARNING": "Biển cảnh báo",
    "EXTINGUISHER": "Bình chữa cháy",
    "GAS_CONTAINERS": "CÁC BÌNH CHỨA GAS",
    "EXTERNAL": "Tình trạng bên ngoài",
    "Normal": "Bình thường",
    "WEIRDO": "Bất thường",
    "OTHER": "Khác",
    "OTHER_REASONS": "Các lý do khác",
    "SOFT_PIPES": "CÁC ỐNG MỀM TỪ BÌNH GAS VÀO ỐNG GÓP",
    "PIPE_ASSISTANCE_BEFORE": "ỐNG GÓP TRƯỚC VAN ĐIỀU ÁP CẤP 1",
    "LEAKAGE": "Rò rỉ",
    "PIPE_ASSISTANCE_AFTER": "ỐNG GÓP SAU VAN ĐIỀU ÁP CẤP 1",
    "VALVE_SYSTEM": "HỆ THỐNG VAN TRÊN ỐNG GÓP",
    "TUBES_OF_SOFTWARE": "CÁC ỐNG MỀM TỪ ỐNG GÓP VÀO THIẾT BỊ ĐỐT",
    "SPECIES": "Chủng loại",
    "SOFT_RUBBER": "Dây cao su mềm",
    "COPPER": "Ống đồng",
    "DEVICES_REQUIRED": "CÁC THIẾT BỊ CÓ YÊU CẦU KIỂM ĐỊNH ĐỊNH KỲ THEO QUY ĐỊNH",
    "COMMENTS": "Nhận xét và đề xuất",
    "CONFIRM_THE_TEST": "Xác nhận việc thực hiện kiểm tra",
    "END": "Kết thúc",
    "TEST_DAY": "Ngày kiểm tra",
    "MAINTENANCE": "Không có lịch bảo trì",
    "CLOSED": "Đóng",
    "SELECT_MAINTENANCE": "Chọn lịch bảo trì",
    "GENERAL": "kiểm tra tổng quát bằng mắt",
    "CHECK_FOR": "Kiểm tra các dấu hiệu ăn mòn bên ngoài của bồn và khu vực bồn, chân móng bồn, đường ống",
    "CHECK_FOR_COMBUSTIBLE": " Kiểm tra các vật liệu dễ gây cháy nổ trong khu vực bồn chứa Gas",
    "CHECK_FOR_PROHIBITION": " Kiểm tra các biển cấm, các biển báo hướng dẫn",
    "CHECK_FOR_LEAKS": "Kiểm tra rò rỉ của các thiết bị gắn vào bồn",
    "CHECK_PIPING": "Kiểm tra van đường ống và các thiết bị trên đường ống",
    "CHECK_THE_OPERATION_GLOBE": "Kiểm tra tình trạng hoạt động của van cầu",
    "CHECK_THE_OPERATION_BALL": "Kiểm tra tình trạng hoạt động của van bi",
    "CHECK_THE_OPERATION_DRAIN": "Kiểm tra tình trạng của van xả nước",
    "CHECK_THE_OPERATION_ELECTRONIC": "Kiểm tra tình trạng hoạt động của van điện tử",
    "CHECK_THE_OPERATION_LV1": "Kiểm tra sự hoạt động của van điều áp cấp 1",
    "CHECK_FOR_CORROSION": "Kiểm tra ăn mòn của đường ống và các khớp nối",
    "DRAIN_RESIDUE": " Xả nước và cặn trong đường ống",
    "CHECK_FOR_AT": "Kiểm tra rò rỉ tại các mối nối, van, lọc ...",
    "CHECK_THE_OPERATION_COOLING": "Kiểm tra hoạt động của hệ thống làm mát tại khu vực bồn",
    "CHECK_FIRE": "Kiểm tra nguồn nước cứu hỏa",
    "CHECK_PORTABLE": " Kiểm tra thiết bị cứu hỏa xách tay. Số lượng - Chất lượng",
    "CHECK_THE_CONTROL": "Kiểm tra hệ thống điều khiển, mạch điện",
    "CHECK_THE_BOILER": "Kiểm tra khu vực nồi hóa hơi",
    "RINSE_THE_RESIDUES": "Xả những chất cặn trong nước của bộ hóa hơi",
    "TOP_UP_WATER": "Đổ nước đến đúng mức của máy hóa hơi theo yêu cầu từ nhà sản xuất",
    "CHECK_WATER_LV": "Kiểm tra mức nước của bầu hóa hơi và bổ sung kịp thời",
    "CHECK_FOR_LEAKS_JOINTS": "Kiểm tra rò rỉ tại các khớp nối",
    "CHECK_THE_POWER": "Kiểm tra nguồn điện",
    "CHECK_STEAM": "Kiểm tra các thiết bị của bộ hóa hơi",
    "CHECK_GROUND": "Kiểm tra điện trở đất",
    "CHECK_THE_POINTS": "Kiểm tra các điểm nối tiếp đất của điện trở đất",
    "EXPORT_BY_DRIVER": "Tài xế xuất hàng",
    "TURNBACK_BY_DRIVER": "Tài xế hồi lưu",
    "TURNBACK_TO_COMPANY": "Hồi lưu về công ty",
    "reflux_weight": "Cân nặng của bình khi hồi lưu",
    "notification": "Thông báo",
    "Email_Or_Pass": "Email hoặc Mật khẩu không chính xác",
    "Problem": "Rất tiếc. Chúng tôi đang gặp phải một sự cố không mong muốn. Vui lòng thử lại",
    "Check_valve_pipe": "Kiểm tra van, đường ống",
    "Select_calendar": "Chọn Lịch",
    "Order_date": "Ngày đặt hàng",
    "Enter_a_number": "Bạn chưa nhập số lượng",
    "Amount": "Số lượng",
    "Selected_the_company": "Bạn chưa chọn công ty",
    "Enter_the_order_code": "Bạn chưa nhập mã đơn hàng",
    "Enter_the_order_code_to_search": "Nhập mã đơn hàng để tìm kiếm",
    "Code_orders": "Mã đơn hàng",
    "Order": "Đơn hàng",
    "STATION": "Trạm",
    "Factory": "Nhà máy sản xuất",
    "Receive": "Tiếp nhận",
    "Transport": "Vận chuyển",
    "Select_order_above": "Chọn đơn hàng ở trên",
    "No_orders_elected": "Chưa chọn đơn hàng",
    "THE_QUANTITY_MUST_BE_INTEGER": "Số lượng phải là số dương",
    "DELETE": "Xóa",
    "DELETE_ALL": "Xóa hết",
    "THE_FACTORY_IS_UNAVAILABLE_OR_HAS_BEEN_DELETED": "NMSX không có hoặc đã bị xóa",
    "COPY_1_SAVE": "Liên 1: Lưu",
    "THIS_CYLINDER_IS_DELIVERIED": "Bình này đang được vận chuyển",
    "TURN_ON_BLUETOOTH": "Bật tính năng bluetooth trước khi quét thiết bị để kết nối",
    "BLUETOOTH_STATUS": "Trạng thái bluetooth",
    "CONNECT_DEVICE": "Kết nối thiết bị: ",
    "FIND_DEVICE_TO_CONNECT": "Tìm thấy thiết bị để kết nối (chọn để kết nối): ",
    "DEVICE_PAIRED": "Thiết bị đã ghép đôi: ",
    "ON": "Bật",
    "OFF": "Tắt",
    "NO_DEVICE": "Chưa có",
    "ENTER_FULL_CUSTOMER_INFO": "Vui lòng nhập đầy đủ thông tin khách hàng",
    "SCAN_ACCEPT": "In",
    "THIS_CYLINDER_IS_IN_FACTORY": "Bình này không thể hồi lưu",
    "THIS_IS_NOT_YOUR_PRODUCT": "Bình này không thuộc sở hữu của bạn",
    "CHANGE_PASSWORD_IS_SUCCESSED": "Đổi mật khẩu thành công",
    "FILTER": "Bộ Lọc",
    "CUSTOMER": "Khách hàng",
    "TYPE_CUSTOMER": "Loại khách hàng",
    "CUSTOMER_TYPE": "Chọn loại khách hàng...",
    "CHOOSE_CUSTOMER_TYPE": "Chọn loại khách hàng",
    "CUSTOMER_ID": "Mã khách hàng",
    "CUSTOMER_ID_CHON": "Chọn khách hàng",
    "CHOOSE_EXPORT_WAREHOUSE": "Chọn nơi nhận",
    "CHOOSE_RECIPIENTS": "Chọn nơi nhận",
    "PRODUCT_ID": "Mã đơn hàng...",
    "ORDER_DATES": "Ngày đặt hàng",
    "ORDER_TIMES": "Giờ đặt hàng",
    "CHOOSE_VALVE_TYPE": "Chọn loại van",
    "VALVE_TYPE": "Loại",
    "CHOOSE_CYLINDERS_TYPE": "Chọn loại bình",
    "CHOOSE_MANUFACTURE": "Chọn thương hiệu",
    "CYLINDERS_TYPE": "Loại bình",
    "CHOOSE_TYPE": "Chọn loại",
    "CHOOSE_COLOR": "Chọn màu sắc",
    "CREATE_CYLINDERS": "Tạo bình",
    "TOTAL_JUST_CREATED": "Tổng số vỏ khai báo mới",
    "TOTAL_SHELL": "Tổng số vỏ",
    "CONFIRMED": "Đã duyệt",
    "DO_NOT_BROWSE": "Không duyệt",
    "RESEND_FOR_REVIEW": "Gửi duyệt lại",
    "DELIVERED": "Đã giao",
    "INIT": "Khởi tạo",
    "WAREHOUSE": "Kho xuất hàng",
    "CANCEL": "Hủy",
    "CANCELLED": "Đã hủy",
    "WAREHOUSECODE": "Mã kho xuất hàng",
    "AGENCYCODE": "Mã chi nhánh",
    "Statistics_Report": "Báo cáo thống kê",
    "Statistics_Report_Ver2": "Báo cáo thống kê V2",
    "Statistic_Detail": "Số liệu báo cáo",
    "SHOW_ALL": "Xem tất cả",
    "SUBMIT": "Xác nhận",
    "SUBMITORDER": "Xác nhận đơn",
    "ADD": "Thêm giỏ hàng",
    "THIS_FIELD_CANNOT_BE_LEFT_BLANK": "Trường này không được bỏ trống",
    "INFORMATION_ORDER": "Thông tin giỏ hàng",
    "RECIPIENTS": "Nơi nhận",
    "WAREHOUSE_EXPORT": "Kho sản xuất",
    "TIME_DELIVER": "Giờ giao hàng",
    "DAY_DELIVER": "Ngày giao hàng",
    "DATE_DELIVER": "Thời gian giao hàng",
    "NOTE": "Ghi chú",
    "ADD_NOTES": "Thêm ghi chú",
    "ACCEPTED_ORDER": "Đặt hàng",
    "DONE": "Đã xong",
    "CYLINDER": "Bình",
    "ORDERS": "Đơn hàng",
    "UPDATE_ORDERS": "Chỉnh sửa đơn",
    "UPDATE": "Cập nhật",
    "DETAIL": "Chi tiết",
    "RESULT_FOR": "kết quả cho",
    "LAN": "Lần",
    "AGENCY_NAME": "Tên chi nhánh",
    "STATION_NAME": "Tên trạm",
    "DRIVER_TAB": "Đơn vận chuyển",
    "DRIVER_TANK": "Đơn xe bồn",
    "ISDELIVERING": "Đơn hàng đang giao",
    "PROCESSING": "Tài xế đang nhận",
    "LOAD_SCANNED_CYLINDER": "Load bình đã quét",
    "DO_YOU_WANT_TO_LOAD_SCANNED_CYLINDERS": "Bạn có muốn load lại bình đã quét?",
    "DO_YOU_WANT_TO_CREAT_AN_ORDER": "Bạn có muốn đặt đơn hàng đến",
    "CHOOSING_EXPORT_WAREHOUSE": "Chọn kho xuất hàng...",
    "ENTER_WEIGHT": "Nhập trọng lượng (tấn)",
    "FLUCTUATION_SURPLUS": "Biến động số dư",
    "OPENING_BALANCE": "Số dư đầu kỳ",
    "ENDING_BALANCE": "Số dư cuối kỳ",
    "IMPORT_QUANTITY": "Số lượng nhập",
    "EXPORT_QUANTITY": "Số lượng xuất",
    "CREATED_SHELL": "Số vỏ đã khởi tạo",
    "EXPORTED_CYLINDERS": "Số bình đã xuất",
    "TURNBACK_SHELL": "Số vỏ hồi lưu",
    "TOTAL_TURNBACK_SHELL": "Tổng số vỏ hồi lưu",
    "INVENTORY_SHELL": "Số vỏ tồn kho",
    "EXPORT_SHELL_FROM_FIXER": "Số vỏ nhập từ nhà máy BK",
    "EXPORT_SHELL_TO_FIXER": "Số vỏ nhập cho nhà máy BK",
    "EXPORT_SHELL_FROM_ELSEWHERE": "Số vỏ nhập từ trạm khác",
    "EXPORT_SHELL_TO_ELSEWHERE": "Số vỏ xuất cho trạm khác",
    "NEW_PRODUCTION": "Sản xuất mới",
    "NULL_DATA": "Chưa có dữ liệu",
    "DELIVERY": "Giao hàng",
    "FOOTER_INFORMATION": "VỎ CHAI LPG LÀ TÀI SẢN CỦA GAS SOUTH\nTẤT CẢ SẢN PHẨM CỦA GAS SOUTH ĐÃ ĐƯỢC BẢO HIỂM"
}