{
	"static": {
		"style": {
			"position": "static"
		}
	},
	"absolute": {
		"style": {
			"position": "absolute"
		}
	},
	"relative": {
		"style": {
			"position": "relative"
		}
	},
	"my-1": {
		"style": {
			"marginTop": 4,
			"marginBottom": 4
		}
	},
	"ml-5": {
		"style": {
			"marginLeft": 5
		}
	},
	"my-3": {
		"style": {
			"marginTop": 12,
			"marginBottom": 12
		}
	},
	"my-4": {
		"style": {
			"marginTop": 16,
			"marginBottom": 16
		}
	},
	"my-12": {
		"style": {
			"marginTop": 48,
			"marginBottom": 48
		}
	},
	"mt-7": {
		"style": {
			"marginTop": 28
		}
	},
	"mr-2": {
		"style": {
			"marginRight": 8
		}
	},
	"mt-4": {
		"style": {
			"marginTop": 16
		}
	},
	"mr-4": {
		"style": {
			"marginRight": 16
		}
	},
	"mt-3": {
		"style": {
			"marginTop": 12
		}
	},
	"mt-8": {
		"style": {
			"marginTop": 32
		}
	},
	"mt-10": {
		"style": {
			"marginTop": 40
		}
	},
	"inline": {
		"style": {
			"display": "inline"
		}
	},
	"flex": {
		"style": {
			"display": "flex"
		}
	},
	"hidden": {
		"style": {
			"display": "none"
		}
	},
	"h-10": {
		"style": {
			"height": 40
		}
	},
	"h-px": {
		"style": {
			"height": 1
		}
	},
	"w-3/4": {
		"style": {
			"width": "75%"
		}
	},
	"w-1/4": {
		"style": {
			"width": "25%"
		}
	},
	"w-9/12": {
		"style": {
			"width": "75%"
		}
	},
	"w-8/12": {
		"style": {
			"width": "66.666667%"
		}
	},
	"w-11/12": {
		"style": {
			"width": "91.666667%"
		}
	},
	"w-10/12": {
		"style": {
			"width": "83.333333%"
		}
	},
	"flex-1": {
		"style": {
			"flexGrow": 1,
			"flexShrink": 1,
			"flexBasis": "0%"
		}
	},
	"flex-row": {
		"style": {
			"flexDirection": "row"
		}
	},
	"flex-wrap": {
		"style": {
			"flexWrap": "wrap"
		}
	},
	"items-center": {
		"style": {
			"alignItems": "center"
		}
	},
	"justify-center": {
		"style": {
			"justifyContent": "center"
		}
	},
	"justify-between": {
		"style": {
			"justifyContent": "space-between"
		}
	},
	"self-center": {
		"style": {
			"alignSelf": "center"
		}
	},
	"rounded": {
		"style": {
			"borderTopLeftRadius": 4,
			"borderTopRightRadius": 4,
			"borderBottomRightRadius": 4,
			"borderBottomLeftRadius": 4
		}
	},
	"bg-[#008a00]": {
		"style": {
			"--tw-bg-opacity": 1,
			"backgroundColor": "rgb(0 138 0 / var(--tw-bg-opacity))"
		}
	},
	"bg-gray-300": {
		"style": {
			"--tw-bg-opacity": 1,
			"backgroundColor": "rgb(209 213 219 / var(--tw-bg-opacity))"
		}
	},
	"bg-white": {
		"style": {
			"--tw-bg-opacity": 1,
			"backgroundColor": "rgb(255 255 255 / var(--tw-bg-opacity))"
		}
	},
	"py-4": {
		"style": {
			"paddingTop": 16,
			"paddingBottom": 16
		}
	},
	"px-3": {
		"style": {
			"paddingLeft": 12,
			"paddingRight": 12
		}
	},
	"py-5": {
		"style": {
			"paddingTop": 20,
			"paddingBottom": 20
		}
	},
	"px-2": {
		"style": {
			"paddingLeft": 8,
			"paddingRight": 8
		}
	},
	"px-4": {
		"style": {
			"paddingLeft": 16,
			"paddingRight": 16
		}
	},
	"pb-2": {
		"style": {
			"paddingBottom": 8
		}
	},
	"pt-10": {
		"style": {
			"paddingTop": 40
		}
	},
	"text-center": {
		"style": {
			"textAlign": "center"
		}
	},
	"text-lg": {
		"style": {
			"fontSize": 18,
			"lineHeight": 28
		}
	},
	"text-sm": {
		"style": {
			"fontSize": 14,
			"lineHeight": 20
		}
	},
	"font-black": {
		"style": {
			"fontWeight": "900"
		}
	},
	"text-white": {
		"style": {
			"--tw-text-opacity": 1,
			"color": "rgb(255 255 255 / var(--tw-text-opacity))"
		}
	},
	"text-blue-600": {
		"style": {
			"--tw-text-opacity": 1,
			"color": "rgb(37 99 235 / var(--tw-text-opacity))"
		}
	},
	"underline": {
		"style": {
			"textDecorationLine": "underline"
		}
	}
}